{"0.01": {"1000.0": 2.0792490762931732e+16, "5000.0": 8.732738838373757e+16, "10000.0": 1.1643401468153997e+17, "20000.0": 9.979813204723131e+16, "30000.0": 7.667348543972029e+16}, "0.05000000000000001": {"1000.0": 4158498152586346.5, "5000.0": 1.7465477676747512e+16, "10000.0": 2.3286802936307996e+16, "20000.0": 1.995962640944626e+16, "30000.0": 1.5334697087944056e+16}, "0.10000000000000002": {"1000.0": 2079249076293173.2, "5000.0": 8732738838373756.0, "10000.0": 1.1643401468153998e+16, "20000.0": 9979813204723130.0, "30000.0": 7667348543972028.0}, "0.5": {"1000.0": 415849815258634.6, "5000.0": 1746547767674751.5, "10000.0": 2328680293630799.5, "20000.0": 1995962640944626.5, "30000.0": 1533469708794405.8}, "1.0": {"1000.0": 207924907629317.3, "5000.0": 873273883837375.8, "10000.0": 1164340146815399.8, "20000.0": 997981320472313.2, "30000.0": 766734854397202.9}}